<desktopflowbinary desktopflowbinaryid="5757274d-b67e-4a08-9576-42c409ccda1e">
  <data mimetype="application/json">DependenciesFile_2975640a-0881-4353-be70-faeb8590fe76.json</data>
  <iscustomizable>1</iscustomizable>
  <metadata>{}</metadata>
  <mimetype>application/json</mimetype>
  <name>Desktop flow dependencies file</name>
  <process>
    <workflowid>880a2d7d-6006-4b54-91be-891752ac3003</workflowid>
  </process>
  <reference>flow.dependencies</reference>
  <statecode>0</statecode>
  <statuscode>1</statuscode>
  <type>DependenciesFile</type>
</desktopflowbinary>