<desktopflowbinary desktopflowbinaryid="53f2cd40-b8b7-42a8-ac38-773a3ba727ee">
  <data mimetype="application/json">ManifestFile_53f2cd40-b8b7-42a8-ac38-773a3ba727ee.json</data>
  <iscustomizable>1</iscustomizable>
  <metadata>{}</metadata>
  <mimetype>application/json</mimetype>
  <name>Desktop flow manifest file</name>
  <process>
    <workflowid>880a2d7d-6006-4b54-91be-891752ac3003</workflowid>
  </process>
  <reference>flow.manifest</reference>
  <statecode>0</statecode>
  <statuscode>1</statuscode>
  <type>ManifestFile</type>
</desktopflowbinary>