<desktopflowbinary desktopflowbinaryid="e84fa4d8-7f9d-404e-bcca-edfcc1a6f74a">
  <data mimetype="application/json">ControlRepository_91e5172f-17ae-4285-b4bc-5cda2829fb8b.json</data>
  <iscustomizable>1</iscustomizable>
  <metadata>{}</metadata>
  <mimetype>application/json</mimetype>
  <name>Desktop flow ui elements</name>
  <process>
    <workflowid>282562d5-7bbd-4d8a-a3a2-25b0b60e7077</workflowid>
  </process>
  <reference>controlRepo.appmask</reference>
  <statecode>0</statecode>
  <statuscode>1</statuscode>
  <type>ControlRepository</type>
</desktopflowbinary>