<desktopflowbinary desktopflowbinaryid="5a78cd28-956d-4792-bcae-a1ac214bca1c">
  <data mimetype="application/json">ImageRepository_d3cfd730-a0fc-449e-9d79-606cf800ca39.json</data>
  <iscustomizable>1</iscustomizable>
  <metadata>{}</metadata>
  <mimetype>application/json</mimetype>
  <name>Desktop flow images</name>
  <process>
    <workflowid>880a2d7d-6006-4b54-91be-891752ac3003</workflowid>
  </process>
  <reference>imageRepo.imgrepo</reference>
  <statecode>0</statecode>
  <statuscode>1</statuscode>
  <type>ImageRepository</type>
</desktopflowbinary>