<desktopflowbinary desktopflowbinaryid="6bc6d911-1c17-4fb7-ad3d-a7e41a87da10">
  <data mimetype="application/json">ImageRepository_226b0ad2-60e3-4add-a63c-8778de12698c.json</data>
  <iscustomizable>1</iscustomizable>
  <metadata>{}</metadata>
  <mimetype>application/json</mimetype>
  <name>Desktop flow images</name>
  <process>
    <workflowid>282562d5-7bbd-4d8a-a3a2-25b0b60e7077</workflowid>
  </process>
  <reference>imageRepo.imgrepo</reference>
  <statecode>0</statecode>
  <statuscode>1</statuscode>
  <type>ImageRepository</type>
</desktopflowbinary>