<desktopflowbinary desktopflowbinaryid="402ffb0d-8fda-49b6-bc08-1734571c7b90">
  <data mimetype="application/json">ManifestFile_402ffb0d-8fda-49b6-bc08-1734571c7b90.json</data>
  <iscustomizable>1</iscustomizable>
  <metadata>{}</metadata>
  <mimetype>application/json</mimetype>
  <name>Desktop flow manifest file</name>
  <process>
    <workflowid>282562d5-7bbd-4d8a-a3a2-25b0b60e7077</workflowid>
  </process>
  <reference>flow.manifest</reference>
  <statecode>0</statecode>
  <statuscode>1</statuscode>
  <type>ManifestFile</type>
</desktopflowbinary>