<desktopflowbinary desktopflowbinaryid="79a7ec90-b71d-44f5-a95b-48d3df105c54">
  <data mimetype="application/json">ControlRepository_f69933f5-adea-4588-9d5a-9dc24a09b4d1.json</data>
  <iscustomizable>1</iscustomizable>
  <metadata>{}</metadata>
  <mimetype>application/json</mimetype>
  <name>Desktop flow ui elements</name>
  <process>
    <workflowid>880a2d7d-6006-4b54-91be-891752ac3003</workflowid>
  </process>
  <reference>controlRepo.appmask</reference>
  <statecode>0</statecode>
  <statuscode>1</statuscode>
  <type>ControlRepository</type>
</desktopflowbinary>