<desktopflowbinary desktopflowbinaryid="41d91eea-4880-4d46-a70b-3aaa2e3b5c23">
  <data mimetype="application/json">DependenciesFile_cc6888c9-2e0e-42ff-9a94-c3dca69a1f0b.json</data>
  <iscustomizable>1</iscustomizable>
  <metadata>{}</metadata>
  <mimetype>application/json</mimetype>
  <name>Desktop flow dependencies file</name>
  <process>
    <workflowid>282562d5-7bbd-4d8a-a3a2-25b0b60e7077</workflowid>
  </process>
  <reference>flow.dependencies</reference>
  <statecode>0</statecode>
  <statuscode>1</statuscode>
  <type>DependenciesFile</type>
</desktopflowbinary>